title,start_time,end_time
Client Consultation,2023-10-21T08:00:00Z,2023-10-21T09:00:00Z
Document Drafting,2023-10-21T09:30:00Z,2023-10-21T10:30:00Z
Court Hearing,2023-10-21T11:00:00Z,2023-10-21T12:00:00Z
Negotiation Meeting,2023-10-21T01:00:00Z,2023-10-21T02:00:00Z
Evidence Review,2023-10-21T03:00:00Z,2023-10-21T04:00:00Z
Case Strategy Session,2023-10-22T08:00:00Z,2023-10-22T09:00:00Z
Witness Interview,2023-10-22T09:30:00Z,2023-10-22T10:30:00Z
Contract Review,2023-10-22T11:00:00Z,2023-10-22T12:00:00Z
Settlement Discussion,2023-10-22T01:00:00Z,2023-10-22T02:00:00Z
Legal Research,2023-10-22T03:00:00Z,2023-10-22T04:00:00Z
Client Follow-up,2023-10-23T08:00:00Z,2023-10-23T09:00:00Z
Debrief with Associates,2023-10-23T09:30:00Z,2023-10-23T10:30:00Z
Mediation Session,2023-10-23T11:00:00Z,2023-10-23T12:00:00Z
Deposition,2023-10-23T01:00:00Z,2023-10-23T02:00:00Z
Case Review,2023-10-23T03:00:00Z,2023-10-23T04:00:00Z
Briefing Preparation,2023-10-24T08:00:00Z,2023-10-24T09:00:00Z
Client Onboarding,2023-10-24T09:30:00Z,2023-10-24T10:30:00Z
Arbitration,2023-10-24T11:00:00Z,2023-10-24T12:00:00Z
Contract Negotiations,2023-10-24T01:00:00Z,2023-10-24T02:00:00Z
Legal Training,2023-10-24T03:00:00Z,2023-10-24T04:00:00Z
Case Update Meeting,2023-10-25T08:00:00Z,2023-10-25T09:00:00Z
Document Signing,2023-10-25T09:30:00Z,2023-10-25T10:30:00Z
Litigation Strategy,2023-10-25T11:00:00Z,2023-10-25T12:00:00Z
Client Debrief,2023-10-25T01:00:00Z,2023-10-25T02:00:00Z
Discovery Review,2023-10-25T03:00:00Z,2023-10-25T04:00:00Z
